Gene	g+t+	g+t-	g-t+	g-t-	sensitivity	specificity	odds_ratio	fisher_p	fisher_q	empirical_p	fq*ep	contrasting	supporting	opposing	best	worst
vat(F)	3	5283	375	4296	99.20634920634922	55.15189476980896	0.0065053946621237	2.0195064448933434e-121	2.544578120565613e-118	0.08383233532934131	2.1331792627496156e-119	3	1	2	1.0	1.0
blaA	5	5414	373	4165	98.67724867724868	56.51946967324355	0.010312356704047	3.211193738836953e-122	4.0461041109345607e-119	0.7724550898203593	3.125433714434481e-119	2	2	2	0.5	0.5
