Gene	g+t+	g+t-	g-t+	g-t-	sensitivity	specificity	odds_ratio	fisher_p	fisher_q	empirical_p	fq*ep	contrasting	supporting	opposing	best	worst
blaYRC	162	54	1	9740	99.38650306748468	99.44864202573004	29220.0	5.277905784691199e-305	6.650161288710911e-302	0.001996007984031936	1.3273775027367086e-304	2	2	1	0.5	1.0
blaA	0	5419	163	4375	100.0	55.32979375127629	0.0	4.721622854623157e-57	5.949244796825177e-54	0.04790419161676647	2.849937627221642e-55	3	0	3	0.25	0.25
vat(F)	0	5286	163	4508	100.0	53.97181948131509	0.0	5.6994772808699256e-55	7.181341373896106e-52	0.001996007984031936	1.43340147183555e-54	3	0	3	0.25	0.25
