Gene	g+t+	g+t-	g-t+	g-t-	sensitivity	specificity	odds_ratio	fisher_p	fisher_q	empirical_p	fq*ep	contrasting	supporting	opposing	best	worst
vat(F)	3570	1716	385	4286	90.2654867256637	71.40953015661447	23.160203432930707	0.0	0.0	0.7425149700598802	0.0	7	5	4	0.453125	1.0
blaA	3599	1820	356	4182	90.99873577749683	69.67677440853049	23.22974749969132	0.0	0.0	0.6906187624750499	0.0	7	6	4	0.125	1.0
blaYRC	3	213	3952	5789	99.92414664981035	3.5488170609796734	0.0206313793693334	7.01373644972798e-43	8.837307926657255e-40	0.5349301397205589	4.727342363960369e-40	3	1	3	0.25	1.0
tet(C)	43	3	3912	5999	1.0872313527180784	99.95001666111295	21.97997614178596	1.7557408390364322e-14	2.212233457185905e-11	0.9121756487025948	2.017945488890137e-11	3	2	2	1.0	1.0
qacK	27	3	3928	5999	0.6826801517067004	99.95001666111295	13.745162932790224	1.359603165718885e-08	1.713099988805795e-05	1.0	1.713099988805795e-05	1	1	1	1.0	1.0
sul1	62	34	3893	5968	1.5676359039190897	99.43352215928024	2.795485109019205	9.120617198250758e-07	0.0011491977669795955	0.42714570858283435	0.0004908748944783103	6	4	4	0.6875	0.6875
qacEdelta1	61	35	3894	5967	1.542351453855879	99.41686104631788	2.6706801672903366	2.702248114363901e-06	0.0034048326240985146	0.16766467065868262	0.0005708701405674156	4	2	4	0.125	1.0
catA1	48	26	3907	5976	1.213653603034134	99.566811062979	2.823807367446989	1.2998249238011833e-05	0.016377794039894908	0.05588822355289421	0.000915325814604905	5	5	1	0.0625	0.375
