Gene	g+t+	g+t-	g-t+	g-t-	sensitivity	specificity	odds_ratio	fisher_p	fisher_q	empirical_p	fq*ep	contrasting	supporting	opposing	best	worst
sat2	12	24	31	9890	27.906976744186046	99.75791809562236	159.51612903225808	9.096925048733372e-21	1.1462125561404049e-17	0.9740518962075848	1.1164705137655041e-17	2	1	2	0.5	1.0
dfrA1	12	26	31	9888	27.906976744186046	99.73774460359088	147.21588089330024	1.956406294872526e-20	2.4650719315393828e-17	0.908183632734531	2.2387379817373637e-17	2	1	2	0.5	1.0
aadA1	12	56	31	9858	27.906976744186046	99.43514222311882	68.14285714285714	4.824896097772434e-17	6.079369083193266e-14	0.9101796407185628	5.533317967936386e-14	3	1	3	0.25	1.0
floR	9	28	34	9886	20.930232558139537	99.7175711115594	93.46008403361344	2.4363307357026238e-14	3.069776726985306e-11	0.0998003992015968	3.063649428129048e-12	2	1	1	1.0	1.0
aph(3'')-Ib	9	66	34	9848	20.930232558139537	99.33427476296148	39.49732620320856	2.1872276956805385e-11	2.7559068965574782e-08	0.24750499001996007	6.821007089283978e-09	2	1	1	1.0	1.0
aph(6)-Id	9	68	34	9846	20.930232558139537	99.31410127093	38.32785467128028	2.7920812799322765e-11	3.5180224127146686e-08	0.26746506986027946	9.409481103867577e-09	1	1	1	1.0	1.0
sul2	9	90	34	9824	20.930232558139537	99.0921928585838	28.894117647058824	2.7987550869792536e-10	3.5264314095938596e-07	0.846307385229541	2.9844449454447036e-07	4	1	3	0.625	0.625
tet(A)	9	92	34	9822	20.930232558139537	99.07201936655235	28.26023017902813	3.3555731220599426e-10	4.2280221337955285e-07	0.8502994011976048	3.595084688616557e-07	4	1	3	0.625	0.625
