Gene	g+t+	g+t-	g-t+	g-t-	sensitivity	specificity	odds_ratio	fisher_p	fisher_q	empirical_p	fq*ep	contrasting	supporting	opposing	best	worst
vat(F)	3782	1504	281	4390	93.08392813192222	74.48252460128944	39.28546414780041	0.0	0.0	0.40119760479041916	0.0	7	6	4	0.125	1.0
blaA	3850	1569	213	4325	94.75756829928623	73.37970817780794	49.82465432065519	0.0	0.0	0.1996007984031936	0.0	7	7	4	0.015625	1.0
blaYRC	39	177	4024	5717	99.04011813930592	3.003053953172718	0.3130412440610574	5.953328383833524e-13	7.501193763630241e-10	0.5888223552894212	4.4168705793830763e-10	3	2	3	0.25	1.0
