Gene	g+t+	g+t-	g-t+	g-t-	sensitivity	specificity	odds_ratio	fisher_p	fisher_q	empirical_p	fq*ep	contrasting	supporting	opposing	best	worst
blaA	45	5374	356	4182	88.7780548628429	56.236919213059856	0.0983668767222958	1.1292296108458007e-76	1.422829309665709e-73	0.9840319361277445	1.4001094803696499e-73	4	3	3	0.625	0.625
vat(F)	44	5242	357	4314	89.02743142144638	54.85558811218083	0.1014302706966037	1.6042314625691427e-73	2.0213316428371198e-70	0.12974051896207583	2.6224861633615325e-71	5	2	3	1.0	1.0
blaYRC	45	171	356	9385	11.221945137157109	98.21054834658854	6.937463039621526	2.038601000775429e-20	2.5686372609770406e-17	0.9461077844311377	2.430207707990254e-17	2	1	2	0.5	1.0
