Gene	g+t+	g+t-	g-t+	g-t-	sensitivity	specificity	odds_ratio	fisher_p	fisher_q	empirical_p	fq*ep	contrasting	supporting	opposing	best	worst
blaA	3	5416	107	4431	97.27272727272728	55.00152330659084	0.0229382652990792	5.6403207223751734e-33	7.106804110192719e-30	0.9880239520958084	7.021692683723345e-30	2	1	1	1.0	1.0
vat(F)	3	5283	107	4564	97.27272727272728	53.65085812937951	0.0242215818327522	1.1954430280215757e-31	1.5062582153071854e-28	0.8782435129740519	1.3228615064574083e-28	2	1	1	1.0	1.0
