Gene	g+t+	g+t-	g-t+	g-t-	sensitivity	specificity	odds_ratio	fisher_p	fisher_q	empirical_p	fq*ep	contrasting	supporting	opposing	best	worst
vat(F)	2296	2990	286	4385	88.92331525948876	59.45762711864406	11.77346399419978	0.0	0.0	0.4590818363273453	0.0	7	6	3	0.125	1.0
blaA	2360	3059	222	4316	91.4020139426801	58.52203389830508	14.998954495522002	0.0	0.0	0.41317365269461076	0.0	7	7	3	0.015625	1.0
aadA12	60	10	2522	7365	2.323780015491866	99.86440677966102	17.5218080888184	8.959431480875017e-26	1.128888366590252e-22	0.27345309381237526	3.086980164129033e-23	2	2	1	0.5	1.0
catA1	61	13	2521	7362	2.3625096824167318	99.82372881355931	13.702804137552253	2.534407524143236e-24	3.1933534804204772e-21	0.7365269461077845	2.3519908867767587e-21	5	3	4	0.375	1.0
qacEdelta1	69	27	2513	7348	2.672347017815647	99.63389830508474	7.472432241234469	3.998789576179931e-21	5.038474865986713e-18	0.2934131736526946	1.4783549007984965e-18	6	3	5	0.21875	1.0
sul1	68	28	2514	7347	2.6336173508907823	99.62033898305084	7.097340606887146	2.903085686034968e-20	3.65788796440406e-17	0.09780439121756487	3.577575055005967e-18	8	3	7	0.0703125	0.7265625
qacK	21	9	2561	7366	0.8133230054221533	99.87796610169492	6.711180528439412	5.236429093547908e-07	0.0006597900657870365	1.0	0.0006597900657870365	1	1	1	1.0	1.0
tet(C)	0	46	2582	7329	100.0	0.6237288135593221	0.0	1.5542731830672651e-06	0.0019583842106647544	0.9021956087824351	0.0017668456351705966	3	0	3	0.25	0.25
