Gene	g+t+	g+t-	g-t+	g-t-	sensitivity	specificity	odds_ratio	fisher_p	fisher_q	empirical_p	fq*ep	contrasting	supporting	opposing	best	worst
vat(F)	2417	2869	329	4342	88.0189366351056	60.21356261267508	11.118341860004389	0.0	0.0	0.499001996007984	0.0	7	6	3	0.125	1.0
blaA	2428	2991	318	4220	88.41951930080117	58.52170295382055	10.772527225281715	0.0	0.0	0.405189620758483	0.0	7	7	3	0.015625	1.0
blaYRC	3	213	2743	6998	99.89075018208304	2.953820551934544	0.0359326942332082	3.4245275510443936e-26	4.314904714315936e-23	0.7125748502994012	3.0746925808598584e-23	3	1	3	0.25	1.0
qacK	27	3	2719	7208	0.9832483612527312	99.95839689363471	23.85877160720853	1.1596845926913112e-12	1.4612025867910521e-09	1.0	1.4612025867910521e-09	1	1	1	1.0	1.0
catA1	47	27	2699	7184	1.711580480699199	99.62557204271252	4.633375873094288	1.430733304567081e-10	1.8027239637545225e-07	0.09780439121756487	1.7631431980832656e-08	5	4	2	0.375	1.0
sul1	57	39	2689	7172	2.0757465404224327	99.45915961725144	3.8981605973052607	7.759397409385131e-11	9.776840735825265e-08	0.4530938123752495	4.4298260419807086e-08	8	5	5	0.7265625	0.7265625
qacEdelta1	56	40	2690	7171	2.039329934450109	99.44529191512966	3.732118959107807	2.3859277741596307e-10	3.0062689954411346e-07	0.32934131736526945	9.900885913129485e-08	6	3	5	0.21875	1.0
aadA12	44	26	2702	7185	1.602330662782229	99.63943974483428	4.500085406821158	8.173697948271393e-10	1.0298859414821955e-06	0.3073852295409182	3.165717265234693e-07	2	2	1	0.5	1.0
