Gene	g+t+	g+t-	g-t+	g-t-	sensitivity	specificity	odds_ratio	fisher_p	fisher_q	empirical_p	fq*ep	contrasting	supporting	opposing	best	worst
vat(F)	561	4725	55	4616	91.07142857142856	49.41655069050423	9.964698412698413	1.3258725882875672e-98	1.6705994612423346e-95	0.1497005988023952	2.500897397069363e-96	3	1	2	1.0	1.0
blaA	561	4858	55	4483	91.07142857142856	47.9927202654962	9.41263894606834	4.9155427146572204e-93	6.193583820468099e-90	0.003992015968063872	2.472488551085069e-92	2	1	2	0.5	1.0
blaYRC	52	164	564	9177	8.441558441558442	98.244299325554	5.159185262065386	5.1093664513639096e-18	6.437801728718525e-15	0.9401197604790419	6.052304619214422e-15	2	1	2	0.5	1.0
