Gene	g+t+	g+t-	g-t+	g-t-	sensitivity	specificity	odds_ratio	fisher_p	fisher_q	empirical_p	fq*ep	contrasting	supporting	opposing	best	worst
vat(F)	518	4768	3406	1265	86.79918450560652	79.03199071771921	0.0403496149708173	0.0	0.0	0.7644710578842315	0.0	7	5	5	0.453125	0.453125
blaA	555	4864	3369	1169	85.85626911314985	80.6232388529753	0.0395924992384121	0.0	0.0	0.6506986027944112	0.0	6	5	5	0.21875	0.21875
blaYRC	193	23	3731	6010	4.918450560652396	99.61876346759487	13.516949646323985	4.4547549482793415e-54	5.612991234831971e-51	0.3473053892215569	1.949422105510505e-51	3	3	1	0.25	1.0
qacEdelta1	14	82	3910	5951	99.64322120285422	1.3591911155312448	0.2598527852286195	1.4242631799596608e-07	0.00017945716067491727	0.32934131736526945	5.910265770730808e-05	4	3	3	0.625	0.625
sul1	14	82	3910	5951	99.64322120285422	1.3591911155312448	0.2598527852286195	1.4242631799596608e-07	0.00017945716067491727	0.47105788423153694	8.45347104177255e-05	6	3	4	0.6875	1.0
tet(C)	3	43	3921	5990	99.92354740061162	0.7127465605834576	0.1065817334211135	8.756660964556853e-07	0.0011033392815341634	0.9161676646706587	0.0010108437729025568	3	2	2	1.0	1.0
catA1	12	62	3912	5971	99.69418960244649	1.0276810873528923	0.2954185632297645	2.0899482237145213e-05	0.026333347618802967	0.1936127744510978	0.005098472493061653	3	1	3	0.25	1.0
qacK	1	29	3923	6004	99.97451580020387	0.480689540858611	0.0527745303998523	1.2552761792778442e-05	0.015816479858900837	1.0	0.015816479858900837	1	1	1	1.0	1.0
