Gene	g+t+	g+t-	g-t+	g-t-	sensitivity	specificity	odds_ratio	fisher_p	fisher_q	empirical_p	fq*ep	contrasting	supporting	opposing	best	worst
blaA	174	5245	819	3719	82.4773413897281	58.51182507809014	0.1506419859136732	1.4324600700914523e-140	1.80489968831523e-137	1.0	1.80489968831523e-137	6	4	3	0.6875	1.0
vat(F)	174	5112	819	3852	82.4773413897281	57.0281124497992	0.1600887375535263	4.481559689232994e-131	5.646765208433572e-128	0.8822355289421158	4.981776890474329e-128	7	5	3	0.453125	1.0
blaYRC	43	173	950	8791	4.33031218529708	98.07005800981705	2.3000486766048067	8.713145132882545e-06	0.010978562867432007	0.8902195608782435	0.009773331414919512	3	1	3	0.25	1.0
