Gene	g+t+	g+t-	g-t+	g-t-	sensitivity	specificity	odds_ratio	fisher_p	fisher_q	empirical_p	fq*ep	contrasting	supporting	opposing	best	worst
blaA	696	4723	29	4509	96.0	48.84098786828423	22.912555579081094	3.305204374932456e-151	4.164557512414895e-148	0.8243512974051896	3.433058388477748e-148	5	5	2	0.0625	1.0
vat(F)	671	4615	54	4617	92.55172413793105	50.01083188908145	12.431310942578548	3.4683325559326803e-128	4.370099020475177e-125	0.9441117764471058	4.1258619494705763e-125	6	4	3	0.6875	1.0
blaYRC	1	215	724	9017	99.86206896551724	2.3288561525129983	0.0579275343697802	2.0062185958530225e-06	0.002527835430774808	0.9201596806387226	0.0023260122426889953	3	1	3	0.25	1.0
