Gene	g+t+	g+t-	g-t+	g-t-	sensitivity	specificity	odds_ratio	fisher_p	fisher_q	empirical_p	fq*ep	contrasting	supporting	opposing	best	worst
blaA	1291	4128	85	4453	93.82267441860463	51.89371868080643	16.384014477884175	3.689313456680011e-263	4.648534955416815e-260	0.654690618762475	3.0433522263008285e-260	5	5	3	0.0625	1.0
vat(F)	1268	4018	108	4563	92.15116279069768	53.17562055704463	13.33325037332006	4.121550575804714e-251	5.19315372551394e-248	0.6427145708582834	3.3377155680947874e-248	6	5	3	0.21875	1.0
tet(C)	38	8	1338	8573	2.761627906976744	99.90677077263722	30.434790732436472	1.1812754566371548e-25	1.488407075362815e-22	0.10578842315369262	1.5745623751343152e-23	3	3	1	0.25	1.0
blaYRC	58	158	1318	8423	4.215116279069767	98.15872275958512	2.345969151572194	3.685250657821144e-07	0.00046434158288546413	0.5389221556886228	0.0002502439668245016	3	2	2	1.0	1.0
catA1	0	74	1376	8507	100.0	0.8623703531056987	0.0	2.601484481054593e-05	0.032778704461287875	0.5289421157684631	0.01733803728990277	4	0	4	0.125	0.125
